{
  "img_md5": null,
  "user": "app:seals,git:('git@github.com:nicolasrenet/fsdb_work.git', 'd297a96457d0c49988cf98cfdfd769b14a7b8bcd'),weights:None",
  "class_names": [
    "No Class",
    "Ignore",
    "Img:CalibrationCard",
    "Img:Seal",
    "Img:WritableArea",
    "Wr:OldText",
    "Wr:OldNote",
    "Wr:NewText",
    "Wr:NewOther",
    "WrO:Ornament",
    "WrO:Fold"
  ],
  "class_colors": [
    "#646B63",
    "#23282B",
    "#763C28",
    "#316650",
    "#00BB2D",
    "#287233",
    "#231A24",
    "#F5D033",
    "#063971",
    "#1E2460",
    "#641C34"
  ],
  "image_wh": [
    3000,
    1848
  ],
  "rect_LTRB": [
    [
      180.0,
      168.0,
      2212.0,
      1146.0
    ],
    [
      188.0,
      189.0,
      2216.0,
      1097.0
    ],
    [
      233.0,
      170.0,
      366.0,
      308.0
    ],
    [
      2409.0,
      162.0,
      2882.0,
      1745.0
    ]
  ],
  "rect_captions": [
    "$conf:0.5035125613212585",
    "$conf:0.6867137551307678",
    "$conf:0.9444419741630554",
    "$conf:0.9458715915679932"
  ],
  "rect_classes": [
    4,
    5,
    9,
    2
  ]
}